{
  "lexicon": 1,
  "id": "com.atproto.repo.createRecord",
  "defs": {
    "main": {
      "type": "procedure",
      "description": "Create a new record.",
      "input": {
        "encoding": "application/json",
        "schema": {
          "type": "object",
          "required": ["repo", "collection", "record"],
          "properties": {
            "repo": {
              "type": "string",
              "format": "at-identifier",
              "description": "The handle or DID of the repo."
            },
            "collection": {
              "type": "string",
              "format": "nsid",
              "description": "The NSID of the record collection."
            },
            "rkey": {
              "type": "string",
              "description": "The key of the record."
            },
            "validate": {
              "type": "boolean",
              "default": true,
              "description": "Validate the record?"
            },
            "record": {
              "type": "unknown",
              "description": "The record to create."
            },
            "swapCommit": {
              "type": "string",
              "format": "cid",
              "description": "Compare and swap with the previous commit by cid."
            }
          }
        }
      },
      "output": {
        "encoding": "application/json",
        "schema": {
          "type": "object",
          "required": ["uri", "cid"],
          "properties": {
            "uri": {"type": "string", "format": "at-uri"},
            "cid": {"type": "string", "format": "cid"}
          }
        }
      },
      "errors": [
        {"name": "InvalidSwap"}
      ]
    }
  }
}
