{
  "lexicon": 1,
  "id": "com.atproto.repo.describeRepo",
  "defs": {
    "main": {
      "type": "query",
      "description": "Get information about the repo, including the list of collections.",
      "parameters": {
        "type": "params",
        "required": ["repo"],
        "properties": {
          "repo": {
            "type": "string",
            "format": "at-identifier",
            "description": "The handle or DID of the repo."
          }
        }
      },
      "output": {
        "encoding": "application/json",
        "schema": {
          "type": "object",
          "required": ["handle", "did", "didDoc", "collections", "handleIsCorrect"],
          "properties": {
            "handle": {"type": "string", "format": "handle"},
            "did": {"type": "string", "format": "did"},
            "didDoc": {"type": "unknown"},
            "collections": {"type": "array", "items": {"type": "string", "format": "nsid"}},
            "handleIsCorrect": {"type": "boolean"}
          }
        }
      }
    }
  }
}