{
  "lexicon": 1,
  "id": "app.bsky.richtext.facet",
  "defs": {
    "main": {
      "type": "object",
      "required": ["index", "features"],
      "properties": {
        "index": {"type": "ref", "ref": "#byteSlice"},
        "features": {
          "type": "array",
          "items": {"type": "union", "refs": ["#mention", "#link"]}
        }
      }
    },
    "mention": {
      "type": "object",
      "description": "A facet feature for actor mentions.",
      "required": ["did"],
      "properties": {
        "did": {"type": "string", "format": "did"}
      }
    },
    "link": {
      "type": "object",
      "description": "A facet feature for links.",
      "required": ["uri"],
      "properties": {
        "uri": {"type": "string", "format": "uri"}
      }
    },
    "byteSlice": {
      "type": "object",
      "description": "A text segment. Start is inclusive, end is exclusive. Indices are for utf8-encoded strings.",
      "required": ["byteStart", "byteEnd"],
      "properties": {
        "byteStart": {"type": "integer", "minimum": 0},
        "byteEnd": {"type": "integer", "minimum": 0}
      }
    }
  }
}
