{
  "lexicon": 1,
  "id": "app.bsky.feed.getAuthorFeed",
  "defs": {
    "main": {
      "type": "query",
      "description": "A view of an actor's feed.",
      "parameters": {
        "type": "params",
        "required": ["actor"],
        "properties": {
          "actor": {"type": "string", "format": "at-identifier"},
          "limit": {"type": "integer", "minimum": 1, "maximum": 100, "default": 50},
          "cursor": {"type": "string"}
        }
      },
      "output": {
        "encoding": "application/json",
        "schema": {
          "type": "object",
          "required": ["feed"],
          "properties": {
            "cursor": {"type": "string"},
            "feed": {
              "type": "array",
              "items": {"type": "ref", "ref": "app.bsky.feed.defs#feedViewPost"}
            }
          }
        }
      },
      "errors": [
        {"name": "BlockedActor"},
        {"name": "BlockedByActor"}
      ]
    }
  }
}
