{
  "lexicon": 1,
  "id": "app.bsky.feed.getPostThread",
  "defs": {
    "main": {
      "type": "query",
      "parameters": {
        "type": "params",
        "required": ["uri"],
        "properties": {
          "uri": {"type": "string", "format": "at-uri"},
          "depth": {"type": "integer"}
        }
      },
      "output": {
        "encoding": "application/json",
        "schema": {
          "type": "object",
          "required": ["thread"],
          "properties": {
            "thread": {
              "type": "union",
              "refs": [
                "app.bsky.feed.defs#threadViewPost",
                "app.bsky.feed.defs#notFoundPost",
                "app.bsky.feed.defs#blockedPost"
              ]
            }
          }
        }
      },
      "errors": [
        {"name": "NotFound"}
      ]
    }
  }
}
