{
  "lexicon": 1,
  "id": "app.bsky.feed.getTimeline",
  "defs": {
    "main": {
      "type": "query",
      "description": "A view of the user's home timeline.",
      "parameters": {
        "type": "params",
        "properties": {
          "algorithm": {"type": "string"},
          "limit": {"type": "integer", "minimum": 1, "maximum": 100, "default": 50},
          "cursor": {"type": "string"}
        }
      },
      "output": {
        "encoding": "application/json",
        "schema": {
          "type": "object",
          "required": ["feed"],
          "properties": {
            "cursor": {"type": "string"},
            "feed": {
              "type": "array",
              "items": {"type": "ref", "ref": "app.bsky.feed.defs#feedViewPost"}
            }
          }
        }
      }
    }
  }
}
