{
  "lexicon": 1,
  "id": "com.atproto.server.createSession",
  "defs": {
    "main": {
      "type": "procedure",
      "description": "Create an authentication session.",
      "input": {
        "encoding": "application/json",
        "schema": {
          "type": "object",
          "required": ["identifier", "password"],
          "properties": {
            "identifier": {
              "type": "string",
              "description": "Handle or other identifier supported by the server for the authenticating user."
            },
            "password": {"type": "string"}
          }
        }
      },
      "output": {
        "encoding": "application/json",
        "schema": {
          "type": "object",
          "required": ["accessJwt", "refreshJwt", "handle", "did"],
          "properties": {
            "accessJwt": {"type": "string"},
            "refreshJwt": {"type": "string"},
            "handle": {"type": "string", "format": "handle"},
            "did": {"type": "string", "format": "did"},
            "email": {"type": "string"}
          }
        }
      },
      "errors": [
        {"name": "AccountTakedown"}
      ]
    }
  }
}
