{
  "lexicon": 1,
  "id": "com.atproto.server.createAppPassword",
  "defs": {
    "main": {
      "type": "procedure",
      "description": "Create an app-specific password.",
      "input": {
        "encoding": "application/json",
        "schema": {
          "type": "object",
          "required": ["name"],
          "properties": {
            "name": {"type": "string"}
          }
        }
      },
      "output": {
        "encoding": "application/json",
        "schema": {
          "type": "ref",
          "ref": "#appPassword"
        }
      },
      "errors": [
        {"name": "AccountTakedown"}
      ]
    },
    "appPassword": {
      "type": "object",
      "required": ["name", "password", "createdAt"],
      "properties": {
        "name": {"type": "string"},
        "password": {"type": "string"},
        "createdAt": {"type": "string", "format": "datetime"}
      }
    }
  }
}
