{
  "lexicon": 1,
  "id": "com.atproto.server.deleteAccount",
  "defs": {
    "main": {
      "type": "procedure",
      "description": "Delete a user account with a token and password.",
      "input": {
        "encoding": "application/json",
        "schema": {
          "type": "object",
          "required": ["did", "password",  "token"],
          "properties": {
            "did": { "type": "string", "format": "did" },
            "password": { "type": "string" },
            "token": { "type": "string" }
          }
        }
      },
      "errors": [{ "name": "ExpiredToken" }, { "name": "InvalidToken" }]
    }
  }
}