{
  "lexicon": 1,
  "id": "com.atproto.server.getAccountInviteCodes",
  "defs": {
    "main": {
      "type": "query",
      "description": "Get all invite codes for a given account",
      "parameters": {
        "type": "params",
        "properties": {
          "includeUsed": { "type": "boolean", "default": true },
          "createAvailable": { "type": "boolean", "default": true }
        }
      },
      "output": {
        "encoding": "application/json",
        "schema": {
          "type": "object",
          "required": ["codes"],
          "properties": {
            "codes": {
              "type": "array",
              "items": {
                "type": "ref",
                "ref": "com.atproto.server.defs#inviteCode"
              }
            }
          }
        }
      },
      "errors": [
        {"name": "DuplicateCreate"}
      ]
    }
  }
}
