{
  "lexicon": 1,
  "id": "com.atproto.server.refreshSession",
  "defs": {
    "main": {
      "type": "procedure",
      "description": "Refresh an authentication session.",
      "output": {
        "encoding": "application/json",
        "schema": {
          "type": "object",
          "required": ["accessJwt", "refreshJwt", "handle", "did"],
          "properties": {
            "accessJwt": {"type": "string"},
            "refreshJwt": {"type": "string"},
            "handle": {"type": "string", "format": "handle"},
            "did": {"type": "string", "format": "did"}
          }
        }
      },
      "errors": [
        {"name": "AccountTakedown"}
      ]
    }
  }
}
