{
  "lexicon": 1,
  "id": "com.atproto.admin.disableInviteCodes",
  "defs": {
    "main": {
      "type": "procedure",
      "description": "Disable some set of codes and/or all codes associated with a set of users",
      "input": {
        "encoding": "application/json",
        "schema": {
          "type": "object",
          "properties": {
            "codes": {
              "type": "array", 
              "items": {"type": "string"}
            },
            "accounts": {
              "type": "array", 
              "items": {"type": "string"}
            }
          }
        }
      }
    }
  }
}
