{
  "lexicon": 1,
  "id": "com.atproto.admin.getModerationReports",
  "defs": {
    "main": {
      "type": "query",
      "description": "List moderation reports related to a subject.",
      "parameters": {
        "type": "params",
        "properties": {
          "subject": {"type": "string"},
          "resolved": {"type": "boolean"},
          "limit": {"type": "integer", "minimum": 1, "maximum": 100, "default": 50},
          "cursor": {"type": "string"}
        }
      },
      "output": {
        "encoding": "application/json",
        "schema": {
          "type": "object",
          "required": ["reports"],
          "properties": {
            "cursor": {"type": "string"},
            "reports": {"type": "array", "items": {"type": "ref", "ref": "com.atproto.admin.defs#reportView"}}
          }
        }
      }
    }
  }
}
