{
  "lexicon": 1,
  "id": "com.atproto.admin.getModerationActions",
  "defs": {
    "main": {
      "type": "query",
      "description": "List moderation actions related to a subject.",
      "parameters": {
        "type": "params",
        "properties": {
          "subject": {"type": "string"},
          "limit": {"type": "integer", "minimum": 1, "maximum": 100, "default": 50},
          "cursor": {"type": "string"}
        }
      },
      "output": {
        "encoding": "application/json",
        "schema": {
          "type": "object",
          "required": ["actions"],
          "properties": {
            "cursor": {"type": "string"},
            "actions": {"type": "array", "items": {"type": "ref", "ref": "com.atproto.admin.defs#actionView"}}
          }
        }
      }
    }
  }
}
