{
  "lexicon": 1,
  "id": "com.atproto.admin.getRecord",
  "defs": {
    "main": {
      "type": "query",
      "description": "View details about a record.",
      "parameters": {
        "type": "params",
        "required": ["uri"],
        "properties": {
          "uri": {"type": "string", "format": "at-uri"},
          "cid": {"type": "string", "format": "cid"}
        }
      },
      "output": {
        "encoding": "application/json",
        "schema": {"type": "ref", "ref": "com.atproto.admin.defs#recordViewDetail"}
      }
    }
  }
}
