{
  "lexicon": 1,
  "id": "com.atproto.admin.resolveModerationReports",
  "defs": {
    "main": {
      "type": "procedure",
      "description": "Resolve moderation reports by an action.",
      "input": {
        "encoding": "application/json",
        "schema": {
          "type": "object",
          "required": ["actionId", "reportIds", "createdBy"],
          "properties": {
            "actionId": {"type": "integer"},
            "reportIds": {"type": "array", "items": {"type": "integer"}},
            "createdBy": {"type": "string", "format": "did"}
          }
        }
      },
      "output": {
        "encoding": "application/json",
        "schema": {
          "type": "ref",
          "ref": "com.atproto.admin.defs#actionView"
        }
      }
    }
  }
}
