{
  "lexicon": 1,
  "id": "com.atproto.admin.takeModerationAction",
  "defs": {
    "main": {
      "type": "procedure",
      "description": "Take a moderation action on a repo.",
      "input": {
        "encoding": "application/json",
        "schema": {
          "type": "object",
          "required": ["action", "subject", "reason", "createdBy"],
          "properties": {
            "action": {
              "type": "string",
              "knownValues": [
                "com.atproto.admin.defs#takedown",
                "com.atproto.admin.defs#flag",
                "com.atproto.admin.defs#acknowledge"
              ]
            },
            "subject": {
              "type": "union",
              "refs": [
                "com.atproto.admin.defs#repoRef",
                "com.atproto.repo.strongRef"
              ]
            },
            "subjectBlobCids": {"type": "array", "items": {"type": "string", "format": "cid"}},
            "createLabelVals": {"type": "array", "items": {"type": "string"}},
            "negateLabelVals": {"type": "array", "items": {"type": "string"}},
            "reason": {"type": "string"},
            "createdBy": {"type": "string", "format": "did"}
          }
        }
      },
      "output": {
        "encoding": "application/json",
        "schema": {
          "type": "ref",
          "ref": "com.atproto.admin.defs#actionView"
        }
      },
      "errors": [{ "name": "SubjectHasAction" }]
    }
  }
}
