{
  "lexicon": 1,
  "id": "com.atproto.sync.getCheckout",
  "defs": {
    "main": {
      "type": "query",
      "description": "Gets the repo state.",
      "parameters": {
        "type": "params",
        "required": ["did"],
        "properties": {
          "did": {
            "type": "string",
            "format": "did",
            "description": "The DID of the repo."
          },
          "commit": {
            "type": "string",
            "format": "cid",
            "description": "The commit to get the checkout from. Defaults to current HEAD."
          }
        }
      },
      "output": {
        "encoding": "application/vnd.ipld.car"
      }
    }
  }
}