{
  "lexicon": 1,
  "id": "com.atproto.sync.getHead",
  "defs": {
    "main": {
      "type": "query",
      "description": "Gets the current HEAD CID of a repo.",
      "parameters": {
        "type": "params",
        "required": ["did"],
        "properties": {
          "did": {
            "type": "string",
            "format": "did",
            "description": "The DID of the repo."
          }
        }
      },
      "output": {
        "encoding": "application/json",
        "schema": {
          "type": "object",
          "required": ["root"],
          "properties": {
            "root": {"type": "string", "format": "cid"}
          }
        }
      }
    }
  }
}