{
  "lexicon": 1,
  "id": "com.atproto.sync.getRepo",
  "defs": {
    "main": {
      "type": "query",
      "description": "Gets the repo state.",
      "parameters": {
        "type": "params",
        "required": ["did"],
        "properties": {
          "did": {
            "type": "string",
            "format": "did",
            "description": "The DID of the repo."
          },
          "earliest": {
            "type": "string",
            "format": "cid",
            "description": "The earliest commit in the commit range (not inclusive)"
          },
          "latest": {
            "type": "string",
            "format": "cid",
            "description": "The latest commit in the commit range (inclusive)"
          }
        }
      },
      "output": {
        "encoding": "application/vnd.ipld.car"
      }
    }
  }
}
