{
  "lexicon": 1,
  "id": "com.atproto.sync.listBlobs",
  "defs": {
    "main": {
      "type": "query",
      "description": "List blob cids for some range of commits",
      "parameters": {
        "type": "params",
        "required": ["did"],
        "properties": {
          "did": {"type": "string", "format": "did", "description": "The DID of the repo."},
          "latest": { "type": "string", "format": "cid", "description": "The most recent commit"},
          "earliest": { "type": "string", "format": "cid", "description": "The earliest commit to start from"}
        }
      },
      "output": {
        "encoding": "application/json",
        "schema": {
          "type": "object",
          "required": ["cids"],
          "properties": {
            "cids": {
              "type": "array",
              "items": { "type": "string", "format": "cid" }
            }
          }
        }
      }
    }
  }
}