{
  "lexicon": 1,
  "id": "app.bsky.graph.getFollows",
  "defs": {
    "main": {
      "type": "query",
      "description": "Who is an actor following?",
      "parameters": {
        "type": "params",
        "required": ["actor"],
        "properties": {
          "actor": {"type": "string", "format": "at-identifier"},
          "limit": {"type": "integer", "minimum": 1, "maximum": 100, "default": 50},
          "cursor": {"type": "string"}
        }
      },
      "output": {
        "encoding": "application/json",
        "schema": {
          "type": "object",
          "required": ["subject", "follows"],
          "properties": {
            "subject": {"type": "ref", "ref": "app.bsky.actor.defs#profileView"},
            "cursor": {"type": "string"},
            "follows": {
              "type": "array",
              "items": {"type": "ref", "ref": "app.bsky.actor.defs#profileView"}
            }
          }
        }
      }
    }
  }
}
