{
  "lexicon": 1,
  "id": "app.bsky.embed.external",
  "description": "A representation of some externally linked content, embedded in another form of content",
  "defs": {
    "main": {
      "type": "object",
      "required": ["external"],
      "properties": {
        "external": {
          "type": "ref",
          "ref": "#external"
        }
      }
    },
    "external": {
      "type": "object",
      "required":  ["uri", "title", "description"],
      "properties": {
        "uri": {"type": "string", "format": "uri"},
        "title": {"type": "string"},
        "description": {"type": "string"},
        "thumb": {
          "type": "blob",
          "accept": ["image/*"],
          "maxSize": 1000000
        }
      }
    },
    "view": {
      "type": "object",
      "required": ["external"],
      "properties": {
        "external": {
          "type": "ref",
          "ref": "#viewExternal"
        }
      }
    },
    "viewExternal": {
      "type": "object",
      "required":  ["uri", "title", "description"],
      "properties": {
        "uri": {"type": "string", "format": "uri"},
        "title": {"type": "string"},
        "description": {"type": "string"},
        "thumb": {"type": "string"}
      }
    }
  }
}
