{
  "lexicon": 1,
  "id": "app.bsky.embed.recordWithMedia",
  "description": "A representation of a record embedded in another form of content, alongside other compatible embeds",
  "defs": {
    "main": {
      "type": "object",
      "required": ["record", "media"],
      "properties": {
        "record": {
          "type": "ref",
          "ref": "app.bsky.embed.record"
        },
        "media": {
          "type": "union",
          "refs": [
            "app.bsky.embed.images",
            "app.bsky.embed.external"
          ]
        }
      }
    },
    "view": {
      "type": "object",
      "required": ["record", "media"],
      "properties": {
        "record": {
          "type": "ref",
          "ref": "app.bsky.embed.record#view"
        },
        "media": {
          "type": "union",
          "refs": [
            "app.bsky.embed.images#view",
            "app.bsky.embed.external#view"
          ]
        }
      }
    }
  }
}
