{
  "lexicon": 1,
  "id": "app.bsky.embed.record",
  "description": "A representation of a record embedded in another form of content",
  "defs": {
    "main": {
      "type": "object",
      "required": ["record"],
      "properties": {
        "record": {"type": "ref", "ref": "com.atproto.repo.strongRef"}
      }
    },
    "view": {
      "type": "object",
      "required":  ["record"],
      "properties": {
        "record": {"type": "union", "refs": ["#viewRecord", "#viewNotFound", "#viewBlocked"]}
      }
    },
    "viewRecord": {
      "type": "object",
      "required":  ["uri", "cid", "author", "value", "indexedAt"],
      "properties": {
        "uri": {"type": "string", "format": "at-uri"},
        "cid": {"type": "string", "format": "cid"},
        "author": {"type": "ref", "ref": "app.bsky.actor.defs#profileViewBasic"},
        "value": {"type": "unknown"},
        "labels": {
          "type": "array",
          "items": {"type": "ref", "ref": "com.atproto.label.defs#label"}
        },
        "embeds": {
          "type": "array",
          "items": {
            "type": "union",
            "refs": [
              "app.bsky.embed.images#view",
              "app.bsky.embed.external#view",
              "app.bsky.embed.record#view",
              "app.bsky.embed.recordWithMedia#view"
            ]
          }
        },
        "indexedAt": {"type": "string", "format": "datetime"}
      }
    },
    "viewNotFound": {
      "type": "object",
      "required":  ["uri"],
      "properties": {
        "uri": {"type": "string", "format": "at-uri"}
      }
    },
    "viewBlocked": {
      "type": "object",
      "required":  ["uri"],
      "properties": {
        "uri": {"type": "string", "format": "at-uri"}
      }
    }
  }
}
