{
  "lexicon": 1,
  "id": "app.bsky.notification.getUnreadCount",
  "defs": {
    "main": {
      "type": "query",
      "parameters": {
        "type": "params",
        "properties": {
          "seenAt": { "type": "string", "format": "datetime"}
        }
      },
      "output": {
        "encoding": "application/json",
        "schema": {
          "type": "object",
          "required": ["count"],
          "properties": {
            "count": { "type": "integer"}
          }
        }
      }
    }
  }
}
